iter	MultiClass
0	1.59945109
1	1.591751755
2	1.582710659
3	1.572942098
4	1.563322992
5	1.553713192
6	1.54542856
7	1.53631366
8	1.527257918
9	1.518742323
10	1.510984247
11	1.50242826
12	1.494988345
13	1.487002212
14	1.479755182
15	1.47181141
16	1.464672634
17	1.459086568
18	1.451716277
19	1.444404048
20	1.437887547
21	1.431987348
22	1.425429737
23	1.418907034
24	1.41345443
25	1.40701701
26	1.400723766
27	1.395423436
28	1.390086079
29	1.385354962
