iter	MultiClass
0	1.551968552
1	1.514009524
2	1.467636818
3	1.421685657
4	1.377703978
5	1.346151934
6	1.314659463
7	1.284589381
8	1.252908209
9	1.226841088
10	1.202057447
11	1.178863321
12	1.160622841
13	1.142947307
14	1.125336257
15	1.107261893
16	1.091870991
17	1.080654249
18	1.062861451
19	1.048074288
