iter	MultiClass
0	1.566485032
1	1.508551923
2	1.470316418
3	1.434774402
4	1.402820435
5	1.376978731
6	1.339701244
7	1.311526905
8	1.291046095
9	1.27400337
10	1.258732489
11	1.236864827
12	1.221636636
13	1.205555237
14	1.191673613
15	1.175964753
16	1.16285953
17	1.149330336
