iter	MultiClass
0	1.594946453
1	1.579109341
2	1.562847237
3	1.546131312
4	1.531413863
5	1.517998313
6	1.504482462
7	1.491859031
8	1.479077602
9	1.466886066
10	1.453321556
11	1.439743021
12	1.429902588
13	1.417733656
14	1.40697415
15	1.396120826
16	1.383478736
17	1.37213658
18	1.36188239
19	1.349959894
20	1.340296409
21	1.329542431
22	1.319403584
23	1.309318074
24	1.299143685
25	1.290693827
26	1.281681561
27	1.272004652
28	1.263191564
29	1.253526659
